                     1. Insert dump (my_items) to your local database.
     
  
mysql> SHOW DATABASES;
+--------------------+
| Database           |
+--------------------+
| information_schema |
| my_items           |
| mysql              |
| performance_schema |
| sys                |
+--------------------+
5 rows in set (0,01 sec)

mysql> USE my_items;
Reading table information for completion of table and column names
You can turn off this feature to get a quicker startup with -A

Database changed


               1.1 Create additional table phones with fields:
                    id, phone_name, company_id, user_id
CREATE TABLE phones (id INT NOT NULL AUTO_INCREMENT, phone_name CHAR(255), company_id CHAR (255), user_id CHAR(255), PRIMARY KEY(id));
Query OK, 0 rows affected (0,05 sec)


                     1.2 Create additional table phone_companies with fields:
                                    id, name
CREATE TABLE phone_companies (id INT NOT NULL AUTO_INCREMENT, name CHAR(255), PRIMARY KEY(id));


mysql> SHOW TABLES;
+--------------------+
| Tables_in_my_items |
+--------------------+
| phone_companies    |
| phones             |
| users              |
+--------------------+
3 rows in set (0,00 sec)

                     1.3  Write select and save it to file to get users is developers.
mysql> SELECT * FROM users WHERE is_developer=1;
+----+------------+-----------+-------------------------+--------------+----------------+
| id | first_name | last_name | about_me                | is_developer | email          |
+----+------------+-----------+-------------------------+--------------+----------------+
|  1 | Liubomyr   | Luzhnyi   | bla bla bla bla         |            1 | test@email.com |
|  3 | Vasyl      | Mykutko   | bla bla bla bla         |            1 | test@email.com |
|  4 | Roman      | Bondar    | bla bla bla bla bla bla |            1 | test@email.com |
+----+------------+-----------+-------------------------+--------------+----------------+
3 rows in set (0,00 sec)


                1.4 Insert xiaomi, apple, samsung to companies.
INSERT INTO phone_companies (name) VALUES ("XIAOMI COMPANY ID"), ("APPLE COMPANY ID"), ("SAMSUNG COMPANY ID");

mysql> SELECT * FROM phone_companies;
+----+--------------------+
| id | name               |
+----+--------------------+
|  1 | XIAOMI COMPANY ID  |
|  2 | APPLE COMPANY ID   |
|  3 | SAMSUNG COMPANY ID |
+----+--------------------+
3 rows in set (0,01 sec)

                 1.5 Insert 3 phone (with any data) to phones.
INSERT INTO phones (phone_name, company_id, user_id) VALUES ("Xiaomi Pro", 1, 1), ("Apple XS", 2, 3), ("Samsung S10", 3, 4);
Query OK, 3 rows affected (0,02 sec)
Records: 3  Duplicates: 0  Warnings: 0

mysql> SELECT * FROM phones;
+----+-------------+------------+---------+
| id | phone_name  | company_id | user_id |
+----+-------------+------------+---------+
|  1 | Xiaomi Pro  | 1          | 1       |
|  2 | Apple XS    | 2          | 3       |
|  3 | Samsung S10 | 3          | 4       |
+----+-------------+------------+---------+
3 rows in set (0,00 sec)

         1.6 Write select and save it to file to get phones where company_id=XIAOMI COMPANY ID.
send file dump of your database and file with your select and insert queries.

SELECT * FROM phones p JOIN phone_companies c ON p.company_id =c.id WHERE c.name='XIAOMI COMPANY ID';
+----+------------+------------+---------+----+-------------------+
| id | phone_name | company_id | user_id | id | name              |
+----+------------+------------+---------+----+-------------------+
|  1 | Xiaomi Pro | 1          | 1       |  1 | XIAOMI COMPANY ID |
+----+------------+------------+---------+----+-------------------+
1 row in set (0,00 sec)

              2.* Select all users which have phones.
   mysql> SELECT u.id, u.first_name, u.last_name, p.phone_name FROM users u INNER JOIN phones p ON u.id=p.user_id;
+----+------------+-----------+-------------+
| id | first_name | last_name | phone_name  |
+----+------------+-----------+-------------+
|  1 | Liubomyr   | Luzhnyi   | Xiaomi Pro  |
|  3 | Vasyl      | Mykutko   | Apple XS    |
|  4 | Roman      | Bondar    | Samsung S10 |
+----+------------+-----------+-------------+
3 rows in set (0,00 sec)
           
              
